pos_total_size_in_bytes,bpp,d1_mse,d1_psnr
967.5,0.007294872260710425,64.75075000000001,46.856275
3326.75,0.025083503684508398,16.480225,52.7991
11399.25,0.085949349180553,4.502127499999999,58.434525
38645.25,0.29138176736469373,1.5008975,63.205225
93954.5,0.7084086196205327,0.37475375000000005,69.23125
